Income Group,Year,Good,Good Name,Price,Income Amount,Spend
1,2008,1,1,83.5,140.1,26.4
2,2008,1,1,83.5,180.5,33
3,2008,1,1,83.5,224.5,37.9
4,2008,1,1,83.5,278,43.7
5,2008,1,1,83.5,333.8,50.1
6,2008,1,1,83.5,385,52.1
7,2008,1,1,83.5,432.2,55.2
8,2008,1,1,83.5,501.9,63.4
9,2008,1,1,83.5,563.7,65.9
10,2008,1,1,83.5,824.3,79.4
1,2009,1,1,88.1,143.9,25.42069279
2,2009,1,1,88.1,187.7,33.6652418
3,2009,1,1,88.1,243.9,41.12459567
4,2009,1,1,88.1,284.4,43.08758353
5,2009,1,1,88.1,327.5,49.56544347
6,2009,1,1,88.1,361.4,51.33213255
7,2009,1,1,88.1,414.3,56.43590098
8,2009,1,1,88.1,473.1,63.60080667
9,2009,1,1,88.1,539.3,68.01752936
10,2009,1,1,88.1,785.2,79.89360592
1,2010,1,1,91.1,161.3,26.31987837
2,2010,1,1,91.1,189.4,33.38366925
3,2010,1,1,91.1,234.4,38.70570348
4,2010,1,1,91.1,293.5,44.60832326
5,2010,1,1,91.1,337.7,49.05947916
6,2010,1,1,91.1,380.9,52.63975673
7,2010,1,1,91.1,438.4,58.92943355
8,2010,1,1,91.1,483.6,59.21972633
9,2010,1,1,91.1,582.8,71.31525866
10,2010,1,1,91.1,831.5,80.70139176
1,2011,1,1,96,152.5,27.6669712
2,2011,1,1,96,189,32.21496647
3,2011,1,1,96,247,38.75270967
4,2011,1,1,96,299.2,46.52220158
5,2011,1,1,96,343.8,51.82819606
6,2011,1,1,96,389,51.92294596
7,2011,1,1,96,434,57.41844024
8,2011,1,1,96,492.2,62.81918462
9,2011,1,1,96,586.5,69.54642762
10,2011,1,1,96,789.2,80.34791638
1,2012,1,1,99.1,161.6,27.1715065
2,2012,1,1,99.1,187.1,34.64133646
3,2012,1,1,99.1,241.6,41.17743768
4,2012,1,1,99.1,299.2,44.35211541
5,2012,1,1,99.1,343.5,51.44845388
6,2012,1,1,99.1,383,55.27674174
7,2012,1,1,99.1,424.2,59.19840247
8,2012,1,1,99.1,505.6,67.04172393
9,2012,1,1,99.1,558.5,67.32184255
10,2012,1,1,99.1,823.1,82.54162111
1,2013,1,1,102.9,159,27.87404575
2,2013,1,1,102.9,189.1,34.54553867
3,2013,1,1,102.9,257.1,40.66868971
4,2013,1,1,102.9,309,45.32959572
5,2013,1,1,102.9,355.8,49.62494047
6,2013,1,1,102.9,413.4,57.85006873
7,2013,1,1,102.9,453.8,59.40370407
8,2013,1,1,102.9,512.3,65.61824542
9,2013,1,1,102.9,592.9,71.92417708
10,2013,1,1,102.9,818.6,84.62743072
1,2014,1,1,102.7,154.1,27.25136452
2,2014,1,1,102.7,201.8,34.74097794
3,2014,1,1,102.7,261.2,42.05011876
4,2014,1,1,102.7,296.8,46.38146146
5,2014,1,1,102.7,362.3,53.41989336
6,2014,1,1,102.7,409.4,54.50272904
7,2014,1,1,102.7,473.7,59.46572588
8,2014,1,1,102.7,523.3,61.54116093
9,2014,1,1,102.7,612.6,68.94053805
10,2014,1,1,102.7,867.6,82.02480247
1,2015,1,1,100,153.5,27.50621593
2,2015,1,1,100,202.7,34.31557232
3,2015,1,1,100,257.5,41.39371909
4,2015,1,1,100,297.4,45.96315561
5,2015,1,1,100,361.7,51.78694726
6,2015,1,1,100,407.6,53.75807674
7,2015,1,1,100,466.9,56.80436776
8,2015,1,1,100,514.6,60.74662672
9,2015,1,1,100,594.7,68.45195105
10,2015,1,1,100,869.6,81.35388947
1,2016,1,1,97.6,140.5,25.85642982
2,2016,1,1,97.6,205.4,32.62835192
3,2016,1,1,97.6,242.7,38.34490953
4,2016,1,1,97.6,292.2,43.26994378
5,2016,1,1,97.6,354.6,47.40345467
6,2016,1,1,97.6,420.5,50.12981292
7,2016,1,1,97.6,454.3,58.48478174
8,2016,1,1,97.6,493.8,60.85935182
9,2016,1,1,97.6,587.6,64.72902159
10,2016,1,1,97.6,813.5,78.0969717
1,2017,1,1,99.8,159.8,24.62343652
2,2017,1,1,99.8,208.3,32.14006451
3,2017,1,1,99.8,261.3,38.61991623
4,2017,1,1,99.8,327.7,44.9269719
5,2017,1,1,99.8,387.3,49.50606711
6,2017,1,1,99.8,420.4,52.70279396
7,2017,1,1,99.8,461.1,55.46753069
8,2017,1,1,99.8,524.3,60.73781009
9,2017,1,1,99.8,604.4,68.51363214
10,2017,1,1,99.8,810.9,73.78391154
1,2018,1,1,101.8,158,25.98612974
2,2018,1,1,101.8,202.4,33.96879704
3,2018,1,1,101.8,274.2,41.10224442
4,2018,1,1,101.8,315.6,44.75389011
5,2018,1,1,101.8,364.7,48.06584782
6,2018,1,1,101.8,423.3,54.0103873
7,2018,1,1,101.8,472.1,56.89773505
8,2018,1,1,101.8,531.8,63.86133844
9,2018,1,1,101.8,606,70.65509785
10,2018,1,1,101.8,886.3,78.89253113
1,2019,1,1,103.2,180.1,27.2779566
2,2019,1,1,103.2,222.5,34.18061025
3,2019,1,1,103.2,275.8,38.50516435
4,2019,1,1,103.2,329.9,43.32870545
5,2019,1,1,103.2,402.8,48.40174006
6,2019,1,1,103.2,448.4,54.88857121
7,2019,1,1,103.2,490.7,55.72021622
8,2019,1,1,103.2,569.6,61.04274434
9,2019,1,1,103.2,667.6,69.27603002
10,2019,1,1,103.2,877.1,82.24969231
1,2008,2,2,69.5,140.1,6.7
2,2008,2,2,69.5,180.5,6.1
3,2008,2,2,69.5,224.5,7.6
4,2008,2,2,69.5,278,9.9
5,2008,2,2,69.5,333.8,10.3
6,2008,2,2,69.5,385,11.8
7,2008,2,2,69.5,432.2,12.1
8,2008,2,2,69.5,501.9,14.6
9,2008,2,2,69.5,563.7,13.3
10,2008,2,2,69.5,824.3,15.5
1,2009,2,2,72.5,143.9,5.496366009
2,2009,2,2,72.5,187.7,7.263055083
3,2009,2,2,72.5,243.9,8.048250227
4,2009,2,2,72.5,284.4,8.735295978
5,2009,2,2,72.5,327.5,11.09088141
6,2009,2,2,72.5,361.4,11.48347898
7,2009,2,2,72.5,414.3,12.46497291
8,2009,2,2,72.5,473.1,14.23166199
9,2009,2,2,72.5,539.3,13.34831745
10,2009,2,2,72.5,785.2,17.47059196
1,2010,2,2,76.5,161.3,6.870262368
2,2010,2,2,76.5,189.4,7.644376438
3,2010,2,2,76.5,234.4,8.321726248
4,2010,2,2,76.5,293.5,9.966718646
5,2010,2,2,76.5,337.7,11.7084753
6,2010,2,2,76.5,380.9,12.77288215
7,2010,2,2,76.5,438.4,11.7084753
8,2010,2,2,76.5,483.6,13.15993918
9,2010,2,2,76.5,582.8,15.19198862
10,2010,2,2,76.5,831.5,17.03050953
1,2011,2,2,83.2,152.5,6.253493491
2,2011,2,2,83.2,189,7.390492308
3,2011,2,2,83.2,247,8.432741223
4,2011,2,2,83.2,299.2,9.095990533
5,2011,2,2,83.2,343.8,11.46473807
6,2011,2,2,83.2,389,11.74898777
7,2011,2,2,83.2,434,13.17023629
8,2011,2,2,83.2,492.2,13.8334856
9,2011,2,2,83.2,586.5,14.68623471
10,2011,2,2,83.2,789.2,17.71823156
1,2012,2,2,88.2,161.6,7.656575713
2,2012,2,2,88.2,187.1,6.816219843
3,2012,2,2,88.2,241.6,8.216812961
4,2012,2,2,88.2,299.2,9.43066033
5,2012,2,2,88.2,343.5,9.897524703
6,2012,2,2,88.2,383,11.76498219
7,2012,2,2,88.2,424.2,13.81918543
8,2012,2,2,88.2,505.6,15.21977855
9,2012,2,2,88.2,558.5,16.34025305
10,2012,2,2,88.2,823.1,17.92759191
1,2013,2,2,93.7,159,6.671492918
2,2013,2,2,93.7,189.1,6.305931663
3,2013,2,2,93.7,257.1,8.499299197
4,2013,2,2,93.7,309,9.687373279
5,2013,2,2,93.7,355.8,10.32710548
6,2013,2,2,93.7,413.4,11.7893505
7,2013,2,2,93.7,453.8,12.97742458
8,2013,2,2,93.7,512.3,13.06881489
9,2013,2,2,93.7,592.9,13.98271803
10,2013,2,2,93.7,818.6,16.72442745
1,2014,2,2,97.9,154.1,6.226305138
2,2014,2,2,97.9,201.8,7.579849733
3,2014,2,2,97.9,261.2,7.579849733
4,2014,2,2,97.9,296.8,9.565048473
5,2014,2,2,97.9,362.3,11.09906568
6,2014,2,2,97.9,409.4,12.45261028
7,2014,2,2,97.9,473.7,12.99402811
8,2014,2,2,97.9,523.3,13.53544595
9,2014,2,2,97.9,612.6,13.53544595
10,2014,2,2,97.9,867.6,16.15229884
1,2015,2,2,100,153.5,6.361372415
2,2015,2,2,100,202.7,7.078146771
3,2015,2,2,100,257.5,6.898953182
4,2015,2,2,100,297.4,9.855647403
5,2015,2,2,100,361.7,11.02040573
6,2015,2,2,100,407.6,11.02040573
7,2015,2,2,100,466.9,12.90193842
8,2015,2,2,100,514.6,11.82677688
9,2015,2,2,100,594.7,13.34992239
10,2015,2,2,100,869.6,17.02339097
1,2016,2,2,101.4,140.5,5.980398734
2,2016,2,2,101.4,205.4,7.211657297
3,2016,2,2,101.4,242.7,8.179074739
4,2016,2,2,101.4,292.2,7.915233618
5,2016,2,2,101.4,354.6,8.970598101
6,2016,2,2,101.4,420.5,10.81748595
7,2016,2,2,101.4,454.3,11.34516819
8,2016,2,2,101.4,493.8,12.13669155
9,2016,2,2,101.4,587.6,11.96079747
10,2016,2,2,101.4,813.5,15.302785
1,2017,2,2,105.9,159.8,5.875065556
2,2017,2,2,105.9,208.3,7.775822059
3,2017,2,2,105.9,261.3,6.91184183
4,2017,2,2,105.9,327.7,8.98539438
5,2017,2,2,105.9,387.3,10.36776275
6,2017,2,2,105.9,420.4,10.54055879
7,2017,2,2,105.9,461.1,11.05894693
8,2017,2,2,105.9,524.3,13.13249948
9,2017,2,2,105.9,604.4,13.2188975
10,2017,2,2,105.9,810.9,15.119654
1,2018,2,2,110.6,158,6.199305461
2,2018,2,2,110.6,202.4,6.963603394
3,2018,2,2,110.6,274.2,7.982667305
4,2018,2,2,110.6,315.6,8.407277268
5,2018,2,2,110.6,364.7,10.44540509
6,2018,2,2,110.6,423.3,11.20970302
7,2018,2,2,110.6,472.1,11.80415697
8,2018,2,2,110.6,531.8,13.33275284
9,2018,2,2,110.6,606,12.99306487
10,2018,2,2,110.6,886.3,17.66377446
1,2019,2,2,114.4,180.1,7.900627673
2,2019,2,2,114.4,222.5,6.403666641
3,2019,2,2,114.4,275.8,8.150121179
4,2019,2,2,114.4,329.9,9.231259703
5,2019,2,2,114.4,402.8,9.480753208
6,2019,2,2,114.4,448.4,11.55986575
7,2019,2,2,114.4,490.7,11.06087874
8,2019,2,2,114.4,569.6,14.47062332
9,2019,2,2,114.4,667.6,12.89049778
10,2019,2,2,114.4,877.1,16.79922937
1,2008,3,3,104.4,140.1,6.4
2,2008,3,3,104.4,180.5,8.6
3,2008,3,3,104.4,224.5,10.6
4,2008,3,3,104.4,278,14.4
5,2008,3,3,104.4,333.8,16.6
6,2008,3,3,104.4,385,21.1
7,2008,3,3,104.4,432.2,23.7
8,2008,3,3,104.4,501.9,29.6
9,2008,3,3,104.4,563.7,36
10,2008,3,3,104.4,824.3,48.8
1,2009,3,3,96.3,143.9,5.987112974
2,2009,3,3,96.3,187.7,7.459353869
3,2009,3,3,96.3,243.9,12.6612717
4,2009,3,3,96.3,284.4,13.05386927
5,2009,3,3,96.3,327.5,16.58724742
6,2009,3,3,96.3,361.4,18.74653407
7,2009,3,3,96.3,414.3,22.67250979
8,2009,3,3,96.3,473.1,25.71514097
9,2009,3,3,96.3,539.3,31.50595516
10,2009,3,3,96.3,785.2,51.13583376
1,2010,3,3,95.3,161.3,6.579969592
2,2010,3,3,95.3,189.4,8.031433472
3,2010,3,3,95.3,234.4,11.32141827
4,2010,3,3,95.3,293.5,13.06317492
5,2010,3,3,95.3,337.7,17.99815212
6,2010,3,3,95.3,380.9,21.19137266
7,2010,3,3,95.3,438.4,24.57812171
8,2010,3,3,95.3,483.6,31.25485556
9,2010,3,3,95.3,582.8,39.18952477
10,2010,3,3,95.3,831.5,53.12357803
1,2011,3,3,97.5,152.5,6.442993294
2,2011,3,3,97.5,189,9.380240237
3,2011,3,3,97.5,247,13.07548639
4,2011,3,3,97.5,299.2,13.5492359
5,2011,3,3,97.5,343.8,16.20223314
6,2011,3,3,97.5,389,21.41347771
7,2011,3,3,97.5,434,19.04473018
8,2011,3,3,97.5,492.2,27.85647101
9,2011,3,3,97.5,586.5,35.05746351
10,2011,3,3,97.5,789.2,43.86920434
1,2012,3,3,98.3,161.6,6.442728344
2,2012,3,3,98.3,187.1,9.243914581
3,2012,3,3,98.3,241.6,11.29811782
4,2012,3,3,98.3,299.2,14.37942268
5,2012,3,3,98.3,343.5,18.67457491
6,2012,3,3,98.3,383,17.64747329
7,2012,3,3,98.3,424.2,22.96972714
8,2012,3,3,98.3,505.6,31.65340447
9,2012,3,3,98.3,558.5,33.70760771
10,2012,3,3,98.3,823.1,52.38218263
1,2013,3,3,99.2,159,5.483418837
2,2013,3,3,99.2,189.1,6.762883232
3,2013,3,3,99.2,257.1,11.97213113
4,2013,3,3,99.2,309,12.15491176
5,2013,3,3,99.2,355.8,15.90191463
6,2013,3,3,99.2,413.4,22.75618817
7,2013,3,3,99.2,453.8,24.03565257
8,2013,3,3,99.2,512.3,30.34158423
9,2013,3,3,99.2,592.9,33.35746459
10,2013,3,3,99.2,818.6,43.77596038
1,2014,3,3,99.7,154.1,5.865359913
2,2014,3,3,99.7,201.8,7.940794959
3,2014,3,3,99.7,261.2,12.99402811
4,2014,3,3,99.7,296.8,14.2573364
5,2014,3,3,99.7,362.3,17.59607974
6,2014,3,3,99.7,409.4,20.84458677
7,2014,3,3,99.7,473.7,24.0930938
8,2014,3,3,99.7,523.3,26.34900145
9,2014,3,3,99.7,612.6,36.72617668
10,2014,3,3,99.7,867.6,47.46429714
1,2015,3,3,100,153.5,5.823791647
2,2015,3,3,100,202.7,8.601292279
3,2015,3,3,100,257.5,12.45395445
4,2015,3,3,100,297.4,14.60427752
5,2015,3,3,100,361.7,18.63613327
6,2015,3,3,100,407.6,20.78645634
7,2015,3,3,100,466.9,21.5032307
8,2015,3,3,100,514.6,27.95419991
9,2015,3,3,100,594.7,34.76355629
10,2015,3,3,100,869.6,46.85912356
1,2016,3,3,100.2,140.5,5.452716493
2,2016,3,3,100.2,205.4,8.70675698
3,2016,3,3,100.2,242.7,11.78490339
4,2016,3,3,100.2,292.2,15.12689092
5,2016,3,3,100.2,354.6,15.7425202
6,2016,3,3,100.2,420.5,19.87603109
7,2016,3,3,100.2,454.3,24.00954198
8,2016,3,3,100.2,493.8,28.23099991
9,2016,3,3,100.2,587.6,34.38729272
10,2016,3,3,100.2,813.5,43.00610266
1,2017,3,3,102.6,159.8,6.479851716
2,2017,3,3,102.6,208.3,8.553404265
3,2017,3,3,102.6,261.3,11.318141
4,2017,3,3,102.6,327.7,15.89723621
5,2017,3,3,102.6,387.3,20.3899334
6,2017,3,3,102.6,420.4,20.47633142
7,2017,3,3,102.6,461.1,23.67305827
8,2017,3,3,102.6,524.3,30.49850208
9,2017,3,3,102.6,604.4,34.99119927
10,2017,3,3,102.6,810.9,44.75417585
1,2018,3,3,103.5,158,6.454071438
2,2018,3,3,103.5,202.4,8.237433283
3,2018,3,3,103.5,274.2,11.464469
4,2018,3,3,103.5,315.6,13.24783085
5,2018,3,3,103.5,364.7,16.72963254
6,2018,3,3,103.5,423.3,20.12651225
7,2018,3,3,103.5,472.1,25.3067538
8,2018,3,3,103.5,531.8,25.90120775
9,2018,3,3,103.5,606,35.15770494
10,2018,3,3,103.5,886.3,47.21662789
1,2019,3,3,102.5,180.1,6.902653652
2,2019,3,3,102.5,222.5,9.064930699
3,2019,3,3,102.5,275.8,12.22518177
4,2019,3,3,102.5,329.9,13.4726493
5,2019,3,3,102.5,402.8,16.05074885
6,2019,3,3,102.5,448.4,19.70998693
7,2019,3,3,102.5,490.7,21.04061896
8,2019,3,3,102.5,569.6,26.11365357
9,2019,3,3,102.5,667.6,34.09744575
10,2019,3,3,102.5,877.1,45.07515999
1,2008,4,4,80.1,140.1,36.3
2,2008,4,4,80.1,180.5,38.4
3,2008,4,4,80.1,224.5,47.9
4,2008,4,4,80.1,278,51.3
5,2008,4,4,80.1,333.8,53.8
6,2008,4,4,80.1,385,55.9
7,2008,4,4,80.1,432.2,57.1
8,2008,4,4,80.1,501.9,63
9,2008,4,4,80.1,563.7,54.8
10,2008,4,4,80.1,824.3,72
1,2009,4,4,83.5,143.9,36.90417177
2,2009,4,4,83.5,187.7,43.5783305
3,2009,4,4,83.5,243.9,50.84138558
4,2009,4,4,83.5,284.4,58.10444067
5,2009,4,4,83.5,327.5,56.73034916
6,2009,4,4,83.5,361.4,58.79148642
7,2009,4,4,83.5,414.3,57.31924552
8,2009,4,4,83.5,473.1,62.52116335
9,2009,4,4,83.5,539.3,61.8341176
10,2009,4,4,83.5,785.2,75.77133141
1,2010,4,4,83.8,161.3,41.12480995
2,2010,4,4,83.8,189.4,43.64068068
3,2010,4,4,83.8,234.4,48.67242213
4,2010,4,4,83.8,293.5,56.22003431
5,2010,4,4,83.8,337.7,59.21972633
6,2010,4,4,83.8,380.9,58.73590503
7,2010,4,4,83.8,438.4,65.70293166
8,2010,4,4,83.8,483.6,66.47704573
9,2010,4,4,83.8,582.8,62.60647538
10,2010,4,4,83.8,831.5,81.95932712
1,2011,4,4,88.4,152.5,37.99471046
2,2011,4,4,88.4,189,43.20595503
3,2011,4,4,88.4,247,48.60669941
4,2011,4,4,88.4,299.2,61.7769357
5,2011,4,4,88.4,343.8,60.26093728
6,2011,4,4,88.4,389,65.56693176
7,2011,4,4,88.4,434,69.16742801
8,2011,4,4,88.4,492.2,66.98818028
9,2011,4,4,88.4,586.5,65.94593136
10,2011,4,4,88.4,789.2,80.06366667
1,2012,4,4,92.8,161.6,43.88525104
2,2012,4,4,92.8,187.1,46.12620003
3,2012,4,4,92.8,241.6,54.15626724
4,2012,4,4,92.8,299.2,62.46645308
5,2012,4,4,92.8,343.5,65.08089356
6,2012,4,4,92.8,383,66.48148668
7,2012,4,4,92.8,424.2,66.57485956
8,2012,4,4,92.8,505.6,70.40314741
9,2012,4,4,92.8,558.5,69.18930005
10,2012,4,4,92.8,823.1,90.10482395
1,2013,4,4,96.6,159,45.78654729
2,2013,4,4,96.6,189.1,52.73221115
3,2013,4,4,96.6,257.1,62.05402317
4,2013,4,4,96.6,309,67.35466138
5,2013,4,4,96.6,355.8,71.65000614
6,2013,4,4,96.6,413.4,74.75727681
7,2013,4,4,96.6,453.8,72.28973833
8,2013,4,4,96.6,512.3,72.38112865
9,2013,4,4,96.6,592.9,74.39171556
10,2013,4,4,96.6,818.6,86.36384668
1,2014,4,4,99.5,154.1,42.50130029
2,2014,4,4,99.5,201.8,49.08855065
3,2014,4,4,99.5,261.2,57.39029084
4,2014,4,4,99.5,296.8,60.09738003
5,2014,4,4,99.5,362.3,65.3310858
6,2014,4,4,99.5,409.4,73.18164445
7,2014,4,4,99.5,473.7,71.1062094
8,2014,4,4,99.5,523.3,67.67722976
9,2014,4,4,99.5,612.6,74.53518905
10,2014,4,4,99.5,867.6,94.92859428
1,2015,4,4,100,153.5,43.36484857
2,2015,4,4,100,202.7,48.83025304
3,2015,4,4,100,257.5,54.4748511
4,2015,4,4,100,297.4,59.13388442
5,2015,4,4,100,361.7,68.98953182
6,2015,4,4,100,407.6,72.12541963
7,2015,4,4,100,466.9,71.40864527
8,2015,4,4,100,514.6,65.58485363
9,2015,4,4,100,594.7,69.61670938
10,2015,4,4,100,869.6,99.18365159
1,2016,4,4,100.2,140.5,39.75206217
2,2016,4,4,100.2,205.4,51.88875372
3,2016,4,4,100.2,242.7,51.71285964
4,2016,4,4,100.2,292.2,62.09061038
5,2016,4,4,100.2,354.6,64.99286271
6,2016,4,4,100.2,420.5,70.26968512
7,2016,4,4,100.2,454.3,68.6866384
8,2016,4,4,100.2,493.8,64.20133935
9,2016,4,4,100.2,587.6,75.63445458
10,2016,4,4,100.2,813.5,88.21088132
1,2017,4,4,102,159.8,38.01513007
2,2017,4,4,102,208.3,48.21009677
3,2017,4,4,102,261.3,54.08516232
4,2017,4,4,102,327.7,57.54108324
5,2017,4,4,102,387.3,69.98239853
6,2017,4,4,102,420.4,68.94562226
7,2017,4,4,102,461.1,71.45116492
8,2017,4,4,102,524.3,64.53932309
9,2017,4,4,102,604.4,70.32799062
10,2017,4,4,102,810.9,83.89248022
1,2018,4,4,104.4,158,42.88560627
2,2018,4,4,104.4,202.4,45.26342206
3,2018,4,4,104.4,274.2,56.81281306
4,2018,4,4,104.4,315.6,59.19062885
5,2018,4,4,104.4,364.7,68.36220405
6,2018,4,4,104.4,423.3,73.37260161
7,2018,4,4,104.4,472.1,74.13689955
8,2018,4,4,104.4,531.8,68.53204804
9,2018,4,4,104.4,606,70.82494184
10,2018,4,4,104.4,886.3,87.63949637
1,2019,4,4,106.2,180.1,43.66136346
2,2019,4,4,106.2,222.5,48.90072707
3,2019,4,4,106.2,275.8,59.79527681
4,2019,4,4,106.2,329.9,65.78312094
5,2019,4,4,106.2,402.8,65.36729844
6,2019,4,4,106.2,448.4,67.69590449
7,2019,4,4,106.2,490.7,67.44641098
8,2019,4,4,106.2,569.6,78.42412522
9,2019,4,4,106.2,667.6,76.84399969
10,2019,4,4,106.2,877.1,86.3247529
1,2008,5,5,86,140.1,9.1
2,2008,5,5,86,180.5,15.2
3,2008,5,5,86,224.5,19.3
4,2008,5,5,86,278,21.6
5,2008,5,5,86,333.8,24.1
6,2008,5,5,86,385,25.2
7,2008,5,5,86,432.2,34.6
8,2008,5,5,86,501.9,37.7
9,2008,5,5,86,563.7,46.5
10,2008,5,5,86,824.3,68.1
1,2009,5,5,88.7,143.9,9.716789909
2,2009,5,5,88.7,187.7,14.82055835
3,2009,5,5,88.7,243.9,16.29279924
4,2009,5,5,88.7,284.4,19.82617739
5,2009,5,5,88.7,327.5,20.02247618
6,2009,5,5,88.7,361.4,26.99108308
7,2009,5,5,88.7,414.3,33.17449484
8,2009,5,5,88.7,473.1,36.5115742
9,2009,5,5,88.7,539.3,34.15598877
10,2009,5,5,88.7,785.2,62.91376092
1,2010,5,5,91.4,161.3,13.93405325
2,2010,5,5,91.4,189.4,15.67580991
3,2010,5,5,91.4,234.4,17.32080231
4,2010,5,5,91.4,293.5,24.57812171
5,2010,5,5,91.4,337.7,21.77195821
6,2010,5,5,91.4,380.9,30.38397723
7,2010,5,5,91.4,438.4,37.35100386
8,2010,5,5,91.4,483.6,30.09368446
9,2010,5,5,91.4,582.8,36.0930685
10,2010,5,5,91.4,831.5,77.02434993
1,2011,5,5,95.7,152.5,9.664489941
2,2011,5,5,95.7,189,9.853989744
3,2011,5,5,95.7,247,16.10748324
4,2011,5,5,95.7,299.2,19.99222919
5,2011,5,5,95.7,343.8,24.44547456
6,2011,5,5,95.7,389,25.86672308
7,2011,5,5,95.7,434,28.99346982
8,2011,5,5,95.7,492.2,31.45696726
9,2011,5,5,95.7,586.5,36.95246154
10,2011,5,5,95.7,789.2,55.04969271
1,2012,5,5,98.5,161.6,12.51196519
2,2012,5,5,98.5,187.1,11.76498219
3,2012,5,5,98.5,241.6,15.68664293
4,2012,5,5,98.5,299.2,24.27694738
5,2012,5,5,98.5,343.5,21.19564252
6,2012,5,5,98.5,383,30.99979435
7,2012,5,5,98.5,424.2,24.09020164
8,2012,5,5,98.5,505.6,34.92145508
9,2012,5,5,98.5,558.5,36.3220482
10,2012,5,5,98.5,823.1,54.52975874
1,2013,5,5,99.1,159,12.15491176
2,2013,5,5,99.1,189.1,13.98271803
3,2013,5,5,99.1,257.1,19.0091853
4,2013,5,5,99.1,309,20.92838189
5,2013,5,5,99.1,355.8,25.22372665
6,2013,5,5,99.1,413.4,27.87404575
7,2013,5,5,99.1,453.8,38.10976092
8,2013,5,5,99.1,512.3,33.90580648
9,2013,5,5,99.1,592.9,39.75478657
10,2013,5,5,99.1,818.6,72.10695771
1,2014,5,5,100,154.1,9.113866941
2,2014,5,5,100,201.8,12.45261028
3,2014,5,5,100,261.2,21.83718614
4,2014,5,5,100,296.8,21.3860046
5,2014,5,5,100,362.3,26.43923776
6,2014,5,5,100,409.4,31.85341614
7,2014,5,5,100,473.7,30.49987155
8,2014,5,5,100,523.3,40.96728308
9,2014,5,5,100,612.6,48.45689651
10,2014,5,5,100,867.6,76.7910967
1,2015,5,5,100,153.5,9.40766343
2,2015,5,5,100,202.7,12.72274483
3,2015,5,5,100,257.5,23.47436018
4,2015,5,5,100,297.4,23.20556979
5,2015,5,5,100,361.7,27.05823196
6,2015,5,5,100,407.6,29.29815182
7,2015,5,5,100,466.9,30.82129733
8,2015,5,5,100,514.6,44.6192037
9,2015,5,5,100,594.7,53.13089918
10,2015,5,5,100,869.6,74.99251706
1,2016,5,5,99.9,140.5,9.498280342
2,2016,5,5,99.9,205.4,16.00636132
3,2016,5,5,99.9,242.7,18.64477252
4,2016,5,5,99.9,292.2,21.01934261
5,2016,5,5,99.9,354.6,26.29616502
6,2016,5,5,99.9,420.5,35.8823924
7,2016,5,5,99.9,454.3,36.76186281
8,2016,5,5,99.9,493.8,32.89219304
9,2016,5,5,99.9,587.6,51.53696556
10,2016,5,5,99.9,813.5,63.58571007
1,2017,5,5,102.5,159.8,10.79975286
2,2017,5,5,102.5,208.3,14.68766389
3,2017,5,5,102.5,261.3,23.15467013
4,2017,5,5,102.5,327.7,29.11613371
5,2017,5,5,102.5,387.3,29.11613371
6,2017,5,5,102.5,420.4,34.7320052
7,2017,5,5,102.5,461.1,34.81840322
8,2017,5,5,102.5,524.3,37.58313995
9,2017,5,5,102.5,604.4,46.13654422
10,2017,5,5,102.5,810.9,79.74537512
1,2018,5,5,104.2,158,11.63431299
2,2018,5,5,104.2,202.4,15.71056863
3,2018,5,5,104.2,274.2,22.50432804
4,2018,5,5,104.2,315.6,23.77815793
5,2018,5,5,104.2,364.7,28.53378952
6,2018,5,5,104.2,423.3,31.50605926
7,2018,5,5,104.2,472.1,36.94106679
8,2018,5,5,104.2,531.8,44.49912413
9,2018,5,5,104.2,606,51.46272752
10,2018,5,5,104.2,886.3,80.76081497
1,2019,5,5,105.1,180.1,13.30632029
2,2019,5,5,105.1,222.5,14.38745882
3,2019,5,5,105.1,275.8,18.79517741
4,2019,5,5,105.1,329.9,26.11365357
5,2019,5,5,105.1,402.8,31.51934619
6,2019,5,5,105.1,448.4,35.26174877
7,2019,5,5,105.1,490.7,31.18668818
8,2019,5,5,105.1,569.6,36.75870981
9,2019,5,5,105.1,667.6,56.05287423
10,2019,5,5,105.1,877.1,77.4261512
1,2008,6,6,82.8,140.1,1.2
2,2008,6,6,82.8,180.5,3.2
3,2008,6,6,82.8,224.5,3.1
4,2008,6,6,82.8,278,3.9
5,2008,6,6,82.8,333.8,5.2
6,2008,6,6,82.8,385,5.1
7,2008,6,6,82.8,432.2,4.5
8,2008,6,6,82.8,501.9,7
9,2008,6,6,82.8,563.7,7.1
10,2008,6,6,82.8,824.3,10.9
1,2009,6,6,85.1,143.9,2.061137253
2,2009,6,6,85.1,187.7,3.337079363
3,2009,6,6,85.1,243.9,2.650033611
4,2009,6,6,85.1,284.4,3.533378149
5,2009,6,6,85.1,327.5,6.18341176
6,2009,6,6,85.1,361.4,6.18341176
7,2009,6,6,85.1,414.3,4.613021472
8,2009,6,6,85.1,473.1,6.576009332
9,2009,6,6,85.1,539.3,7.263055083
10,2009,6,6,85.1,785.2,9.42234173
1,2010,6,6,87.6,161.3,1.354699622
2,2010,6,6,87.6,189.4,2.902927761
3,2010,6,6,87.6,234.4,3.289984796
4,2010,6,6,87.6,293.5,3.483513313
5,2010,6,6,87.6,337.7,3.870570348
6,2010,6,6,87.6,380.9,4.838212935
7,2010,6,6,87.6,438.4,4.4511559
8,2010,6,6,87.6,483.6,5.322034229
9,2010,6,6,87.6,582.8,7.257319403
10,2010,6,6,87.6,831.5,12.1922966
1,2011,6,6,90.5,152.5,1.136998817
2,2011,6,6,90.5,189,3.031996844
3,2011,6,6,90.5,247,4.07424576
4,2011,6,6,90.5,299.2,4.926994872
5,2011,6,6,90.5,343.8,4.737495069
6,2011,6,6,90.5,389,5.49549428
7,2011,6,6,90.5,434,9.190740434
8,2011,6,6,90.5,492.2,6.15874359
9,2011,6,6,90.5,586.5,8.90649073
10,2011,6,6,90.5,789.2,15.15998422
1,2012,6,6,93.2,161.6,2.05420324
2,2012,6,6,93.2,187.1,2.707813362
3,2012,6,6,93.2,241.6,2.987931986
4,2012,6,6,93.2,299.2,4.29515223
5,2012,6,6,93.2,343.5,6.629474093
6,2012,6,6,93.2,383,4.668643728
7,2012,6,6,93.2,424.2,5.789118222
8,2012,6,6,93.2,505.6,6.629474093
9,2012,6,6,93.2,558.5,8.123440086
10,2012,6,6,93.2,823.1,15.31315143
1,2013,6,6,95.5,159,1.553635337
2,2013,6,6,95.5,189.1,2.467538477
3,2013,6,6,95.5,257.1,2.741709418
4,2013,6,6,95.5,309,4.478125384
5,2013,6,6,95.5,355.8,3.9297835
6,2013,6,6,95.5,413.4,6.580102604
7,2013,6,6,95.5,453.8,7.494005744
8,2013,6,6,95.5,512.3,9.321812023
9,2013,6,6,95.5,592.9,9.413202337
10,2013,6,6,95.5,818.6,8.956250767
1,2014,6,6,98.1,154.1,1.714489821
2,2014,6,6,98.1,201.8,4.69228793
3,2014,6,6,98.1,261.2,3.338743335
4,2014,6,6,98.1,296.8,3.519215948
5,2014,6,6,98.1,362.3,6.406777751
6,2014,6,6,98.1,409.4,7.489613427
7,2014,6,6,98.1,473.7,8.572449103
8,2014,6,6,98.1,523.3,8.391976491
9,2014,6,6,98.1,612.6,8.933394329
10,2014,6,6,98.1,867.6,10.91859307
1,2015,6,6,100,153.5,1.881532686
2,2015,6,6,100,202.7,4.211049345
3,2015,6,6,100,257.5,3.583871783
4,2015,6,6,100,297.4,3.942258961
5,2015,6,6,100,361.7,5.734194853
6,2015,6,6,100,407.6,6.092582031
7,2015,6,6,100,466.9,10.93080894
8,2015,6,6,100,514.6,8.153308306
9,2015,6,6,100,594.7,7.078146771
10,2015,6,6,100,869.6,11.46838971
1,2016,6,6,102.1,140.5,2.110728965
2,2016,6,6,102.1,205.4,2.286623045
3,2016,6,6,102.1,242.7,4.13351089
4,2016,6,6,102.1,292.2,4.749140171
5,2016,6,6,102.1,354.6,4.925034251
6,2016,6,6,102.1,420.5,9.234439221
7,2016,6,6,102.1,454.3,7.035763216
8,2016,6,6,102.1,493.8,6.068345774
9,2016,6,6,102.1,587.6,8.267021779
10,2016,6,6,102.1,813.5,14.51126163
1,2017,6,6,104.8,159.8,2.505542664
2,2017,6,6,104.8,208.3,3.110328824
3,2017,6,6,104.8,261.3,4.147105098
4,2017,6,6,104.8,327.7,6.30705567
5,2017,6,6,104.8,387.3,5.70226951
6,2017,6,6,104.8,420.4,8.639802288
7,2017,6,6,104.8,461.1,6.047861602
8,2017,6,6,104.8,524.3,7.171035899
9,2017,6,6,104.8,604.4,9.59018054
10,2017,6,6,104.8,810.9,10.02217065
1,2018,6,6,107.4,158,1.528595867
2,2018,6,6,107.4,202.4,2.377815793
3,2018,6,6,107.4,274.2,4.24609963
4,2018,6,6,107.4,315.6,3.821489667
5,2018,6,6,107.4,364.7,5.85961749
6,2018,6,6,107.4,423.3,5.095319557
7,2018,6,6,107.4,472.1,6.199305461
8,2018,6,6,107.4,531.8,7.642979335
9,2018,6,6,107.4,606,10.95493705
10,2018,6,6,107.4,886.3,11.37954701
1,2019,6,6,110.1,180.1,2.993922066
2,2019,6,6,110.1,222.5,4.075060589
3,2019,6,6,110.1,275.8,3.326580073
4,2019,6,6,110.1,329.9,7.983792175
5,2019,6,6,110.1,402.8,6.736324648
6,2019,6,6,110.1,448.4,5.987844131
7,2019,6,6,110.1,490.7,6.653160146
8,2019,6,6,110.1,569.6,7.318476161
9,2019,6,6,110.1,667.6,10.72822074
10,2019,6,6,110.1,877.1,10.89454974
1,2008,7,7,83.7,140.1,12.1
2,2008,7,7,83.7,180.5,17.1
3,2008,7,7,83.7,224.5,24.1
4,2008,7,7,83.7,278,38.9
5,2008,7,7,83.7,333.8,51.9
6,2008,7,7,83.7,385,61
7,2008,7,7,83.7,432.2,73.6
8,2008,7,7,83.7,501.9,81.9
9,2008,7,7,83.7,563.7,112.2
10,2008,7,7,83.7,824.3,161.1
1,2009,7,7,84.4,143.9,13.64276563
2,2009,7,7,84.4,187.7,16.48909803
3,2009,7,7,84.4,243.9,27.77627822
4,2009,7,7,84.4,284.4,40.24125114
5,2009,7,7,84.4,327.5,45.14872079
6,2009,7,7,84.4,361.4,54.8655107
7,2009,7,7,84.4,414.3,67.5267824
8,2009,7,7,84.4,473.1,82.44549013
9,2009,7,7,84.4,539.3,97.65864605
10,2009,7,7,84.4,785.2,127.7905097
1,2010,7,7,91.5,161.3,15.86933843
2,2010,7,7,91.5,189.4,18.96579471
3,2010,7,7,91.5,234.4,28.25516354
4,2010,7,7,91.5,293.5,41.89892402
5,2010,7,7,91.5,337.7,46.83390121
6,2010,7,7,91.5,380.9,58.73590503
7,2010,7,7,91.5,438.4,75.37935753
8,2010,7,7,91.5,483.6,84.57196211
9,2010,7,7,91.5,582.8,107.4083272
10,2010,7,7,91.5,831.5,149.984601
1,2011,7,7,98.6,152.5,12.31748718
2,2011,7,7,98.6,189,17.43398185
3,2011,7,7,98.6,247,30.79371795
4,2011,7,7,98.6,299.2,39.22645917
5,2011,7,7,98.6,343.8,46.04845207
6,2011,7,7,98.6,389,57.79743985
7,2011,7,7,98.6,434,74.85242209
8,2011,7,7,98.6,492.2,89.63340671
9,2011,7,7,98.6,586.5,106.3093894
10,2011,7,7,98.6,789.2,148.4730955
1,2012,7,7,100.9,161.6,13.53906681
2,2012,7,7,100.9,187.1,15.68664293
3,2012,7,7,100.9,241.6,28.19860812
4,2012,7,7,100.9,299.2,41.17743768
5,2012,7,7,100.9,343.5,49.11413202
6,2012,7,7,100.9,383,57.2375721
7,2012,7,7,100.9,424.2,69.93628304
8,2012,7,7,100.9,505.6,80.02055349
9,2012,7,7,100.9,558.5,100.1890944
10,2012,7,7,100.9,823.1,143.7942268
1,2013,7,7,101.9,159,14.34827929
2,2013,7,7,101.9,189.1,17.63833059
3,2013,7,7,101.9,257.1,30.52436486
4,2013,7,7,101.9,309,37.92698029
5,2013,7,7,101.9,355.8,51.81830801
6,2013,7,7,101.9,413.4,70.37054174
7,2013,7,7,101.9,453.8,70.27915143
8,2013,7,7,101.9,512.3,87.46053045
9,2013,7,7,101.9,592.9,114.3292828
10,2013,7,7,101.9,818.6,149.0576021
1,2014,7,7,102.2,154.1,14.88899055
2,2014,7,7,102.2,201.8,21.02505938
3,2014,7,7,102.2,261.2,32.84601551
4,2014,7,7,102.2,296.8,42.05011876
5,2014,7,7,102.2,362.3,54.86367426
6,2014,7,7,102.2,409.4,62.35328769
7,2014,7,7,102.2,473.7,78.41535022
8,2014,7,7,102.2,523.3,95.1993032
9,2014,7,7,102.2,612.6,118.6607429
10,2014,7,7,102.2,867.6,154.8455017
1,2015,7,7,100,153.5,14.51468072
2,2015,7,7,100,202.7,18.36734289
3,2015,7,7,100,257.5,32.88202361
4,2015,7,7,100,297.4,40.94573512
5,2015,7,7,100,361.7,49.72622099
6,2015,7,7,100,407.6,62.89694979
7,2015,7,7,100,466.9,76.69485615
8,2015,7,7,100,514.6,93.89744071
9,2015,7,7,100,594.7,114.1463163
10,2015,7,7,100,869.6,152.5833412
1,2016,7,7,100.5,140.5,11.08132707
2,2016,7,7,100.5,205.4,22.95417749
3,2016,7,7,100.5,242.7,29.63815255
4,2016,7,7,100.5,292.2,37.28954505
5,2016,7,7,100.5,354.6,52.85617116
6,2016,7,7,100.5,420.5,62.61829263
7,2016,7,7,100.5,454.3,72.64425521
8,2016,7,7,100.5,493.8,90.32161029
9,2016,7,7,100.5,587.6,105.2726071
10,2016,7,7,100.5,813.5,155.226526
1,2017,7,7,105.1,159.8,18.22998283
2,2017,7,7,105.1,208.3,24.70983454
3,2017,7,7,105.1,261.3,33.69522892
4,2017,7,7,105.1,327.7,47.17332049
5,2017,7,7,105.1,387.3,58.31866544
6,2017,7,7,105.1,420.4,71.3647669
7,2017,7,7,105.1,461.1,78.79499687
8,2017,7,7,105.1,524.3,100.1353085
9,2017,7,7,105.1,604.4,108.4295187
10,2017,7,7,105.1,810.9,148.0862112
1,2018,7,7,109.8,158,14.01212878
2,2018,7,7,109.8,202.4,22.58925003
3,2018,7,7,109.8,274.2,33.3743431
4,2018,7,7,109.8,315.6,47.64123785
5,2018,7,7,109.8,364.7,54.0103873
6,2018,7,7,109.8,423.3,65.98438826
7,2018,7,7,109.8,472.1,79.06237512
8,2018,7,7,109.8,531.8,93.49911386
9,2018,7,7,109.8,606,102.4159231
10,2018,7,7,109.8,886.3,176.9774326
1,2019,7,7,112,180.1,17.96353239
2,2019,7,7,112,222.5,25.69783106
3,2019,7,7,112,275.8,35.76073579
4,2019,7,7,112,329.9,45.15832449
5,2019,7,7,112,402.8,58.46464478
6,2019,7,7,112,448.4,73.0184326
7,2019,7,7,112,490.7,86.3247529
8,2019,7,7,112,569.6,99.88056669
9,2019,7,7,112,667.6,108.8623329
10,2019,7,7,112,877.1,156.2660989
1,2008,8,7.1,95.9,140.1,0
2,2008,8,7.1,95.9,180.5,0
3,2008,8,7.1,95.9,224.5,0
4,2008,8,7.1,95.9,278,0
5,2008,8,7.1,95.9,333.8,0
6,2008,8,7.1,95.9,385,0
7,2008,8,7.1,95.9,432.2,0
8,2008,8,7.1,95.9,501.9,0
9,2008,8,7.1,95.9,563.7,0
10,2008,8,7.1,95.9,824.3,0
1,2009,8,7.1,97.2,143.9,0
2,2009,8,7.1,97.2,187.7,0
3,2009,8,7.1,97.2,243.9,0
4,2009,8,7.1,97.2,284.4,0
5,2009,8,7.1,97.2,327.5,0
6,2009,8,7.1,97.2,361.4,0
7,2009,8,7.1,97.2,414.3,0
8,2009,8,7.1,97.2,473.1,0
9,2009,8,7.1,97.2,539.3,0
10,2009,8,7.1,97.2,785.2,0
1,2010,8,7.1,101.4,161.3,3.677041831
2,2010,8,7.1,101.4,189.4,2.99969202
3,2010,8,7.1,101.4,234.4,5.99938404
4,2010,8,7.1,101.4,293.5,12.57935363
5,2010,8,7.1,101.4,337.7,11.90200382
6,2010,8,7.1,101.4,380.9,17.32080231
7,2010,8,7.1,101.4,438.4,26.02958559
8,2010,8,7.1,101.4,483.6,25.061943
9,2010,8,7.1,101.4,582.8,33.38366925
10,2010,8,7.1,101.4,831.5,49.83359323
1,2011,8,7.1,102.2,152.5,2.74774714
2,2011,8,7.1,102.2,189,3.505746351
3,2011,8,7.1,102.2,247,9.095990533
4,2011,8,7.1,102.2,299.2,10.32773925
5,2011,8,7.1,102.2,343.8,11.36998817
6,2011,8,7.1,102.2,389,14.02298541
7,2011,8,7.1,102.2,434,22.07672702
8,2011,8,7.1,102.2,492.2,27.0984718
9,2011,8,7.1,102.2,586.5,31.36221736
10,2011,8,7.1,102.2,789.2,49.17519882
1,2012,8,7.1,101.5,161.6,2.240948989
2,2012,8,7.1,101.5,187.1,1.960830366
3,2012,8,7.1,101.5,241.6,6.069236846
4,2012,8,7.1,101.5,299.2,9.990897577
5,2012,8,7.1,101.5,343.5,13.16557531
6,2012,8,7.1,101.5,383,12.97882956
7,2012,8,7.1,101.5,424.2,20.07516803
8,2012,8,7.1,101.5,505.6,19.98179515
9,2012,8,7.1,101.5,558.5,29.22570974
10,2012,8,7.1,101.5,823.1,45.09909841
1,2013,8,7.1,100.6,159,3.747002872
2,2013,8,7.1,100.6,189.1,3.564222244
3,2013,8,7.1,100.6,257.1,6.580102604
4,2013,8,7.1,100.6,309,9.961544221
5,2013,8,7.1,100.6,355.8,14.07410835
6,2013,8,7.1,100.6,413.4,23.76148163
7,2013,8,7.1,100.6,453.8,20.19725938
8,2013,8,7.1,100.6,512.3,24.67538477
9,2013,8,7.1,100.6,592.9,39.02366406
10,2013,8,7.1,100.6,818.6,47.34018263
1,2014,8,7.1,100.9,154.1,3.880161173
2,2014,8,7.1,100.9,201.8,7.399377121
3,2014,8,7.1,100.9,261.2,8.843158022
4,2014,8,7.1,100.9,296.8,11.18930199
5,2014,8,7.1,100.9,362.3,14.79875424
6,2014,8,7.1,100.9,409.4,20.12269632
7,2014,8,7.1,100.9,473.7,22.46884028
8,2014,8,7.1,100.9,523.3,33.11672443
9,2014,8,7.1,100.9,612.6,45.56933471
10,2014,8,7.1,100.9,867.6,56.03674624
1,2015,8,7.1,100,153.5,3.315081399
2,2015,8,7.1,100,202.7,4.838226907
3,2015,8,7.1,100,257.5,9.497260225
4,2015,8,7.1,100,297.4,11.19959932
5,2015,8,7.1,100,361.7,11.46838971
6,2015,8,7.1,100,407.6,21.68242429
7,2015,8,7.1,100,466.9,23.115973
8,2015,8,7.1,100,514.6,34.22597553
9,2015,8,7.1,100,594.7,42.37928383
10,2015,8,7.1,100,869.6,52.8621088
1,2016,8,7.1,98.5,140.5,2.110728965
2,2016,8,7.1,98.5,205.4,8.70675698
3,2016,8,7.1,98.5,242.7,7.123710257
4,2016,8,7.1,98.5,292.2,12.48847971
5,2016,8,7.1,98.5,354.6,16.97377876
6,2016,8,7.1,98.5,420.5,22.60238933
7,2016,8,7.1,98.5,454.3,26.20821798
8,2016,8,7.1,98.5,493.8,31.83682855
9,2016,8,7.1,98.5,587.6,37.11365097
10,2016,8,7.1,98.5,813.5,53.20795932
1,2017,8,7.1,99.9,159.8,6.30705567
2,2017,8,7.1,99.9,208.3,7.862220082
3,2017,8,7.1,99.9,261.3,10.54055879
4,2017,8,7.1,99.9,327.7,16.67481842
5,2017,8,7.1,99.9,387.3,19.18036108
6,2017,8,7.1,99.9,420.4,28.42494953
7,2017,8,7.1,99.9,461.1,29.89371592
8,2017,8,7.1,99.9,524.3,41.98943912
9,2017,8,7.1,99.9,604.4,35.59598543
10,2017,8,7.1,99.9,810.9,55.98591883
1,2018,8,7.1,103.2,158,2.632581771
2,2018,8,7.1,103.2,202.4,5.774695497
3,2018,8,7.1,103.2,274.2,9.511263172
4,2018,8,7.1,103.2,315.6,18.17330642
5,2018,8,7.1,103.2,364.7,18.51299439
6,2018,8,7.1,103.2,423.3,19.61698029
7,2018,8,7.1,103.2,472.1,27.25995963
8,2018,8,7.1,103.2,531.8,35.5823149
9,2018,8,7.1,103.2,606,30.57191734
10,2018,8,7.1,103.2,886.3,69.38126796
1,2019,8,7.1,104.6,180.1,5.90467963
2,2019,8,7.1,104.6,222.5,6.486831142
3,2019,8,7.1,104.6,275.8,9.647082212
4,2019,8,7.1,104.6,329.9,15.30226834
5,2019,8,7.1,104.6,402.8,20.87428996
6,2019,8,7.1,104.6,448.4,26.86213409
7,2019,8,7.1,104.6,490.7,33.26580073
8,2019,8,7.1,104.6,569.6,36.5923808
9,2019,8,7.1,104.6,667.6,31.60251069
10,2019,8,7.1,104.6,877.1,52.55996515
1,2008,9,7_other,83.7,140.1,0
2,2008,9,7_other,83.7,180.5,0
3,2008,9,7_other,83.7,224.5,0
4,2008,9,7_other,83.7,278,0
5,2008,9,7_other,83.7,333.8,0
6,2008,9,7_other,83.7,385,0
7,2008,9,7_other,83.7,432.2,0
8,2008,9,7_other,83.7,501.9,0
9,2008,9,7_other,83.7,563.7,0
10,2008,9,7_other,83.7,824.3,0
1,2009,9,7_other,84.4,143.9,0
2,2009,9,7_other,84.4,187.7,0
3,2009,9,7_other,84.4,243.9,0
4,2009,9,7_other,84.4,284.4,0
5,2009,9,7_other,84.4,327.5,0
6,2009,9,7_other,84.4,361.4,0
7,2009,9,7_other,84.4,414.3,0
8,2009,9,7_other,84.4,473.1,0
9,2009,9,7_other,84.4,539.3,0
10,2009,9,7_other,84.4,785.2,0
1,2010,9,7_other,91.5,161.3,12.1922966
2,2010,9,7_other,91.5,189.4,15.96610269
3,2010,9,7_other,91.5,234.4,22.2557795
4,2010,9,7_other,91.5,293.5,29.31957039
5,2010,9,7_other,91.5,337.7,34.93189739
6,2010,9,7_other,91.5,380.9,41.41510273
7,2010,9,7_other,91.5,438.4,49.34977194
8,2010,9,7_other,91.5,483.6,59.5100191
9,2010,9,7_other,91.5,582.8,74.02465791
10,2010,9,7_other,91.5,831.5,100.1510078
1,2011,9,7_other,98.6,152.5,9.56974004
2,2011,9,7_other,98.6,189,13.9282355
3,2011,9,7_other,98.6,247,21.69772742
4,2011,9,7_other,98.6,299.2,28.89871992
5,2011,9,7_other,98.6,343.8,34.67846391
6,2011,9,7_other,98.6,389,43.77445444
7,2011,9,7_other,98.6,434,52.77569507
8,2011,9,7_other,98.6,492.2,62.53493491
9,2011,9,7_other,98.6,586.5,74.947172
10,2011,9,7_other,98.6,789.2,99.29789665
1,2012,9,7_other,100.9,161.6,11.29811782
2,2012,9,7_other,100.9,187.1,13.72581256
3,2012,9,7_other,100.9,241.6,22.12937127
4,2012,9,7_other,100.9,299.2,31.1865401
5,2012,9,7_other,100.9,343.5,35.9485567
6,2012,9,7_other,100.9,383,44.25874254
7,2012,9,7_other,100.9,424.2,49.86111501
8,2012,9,7_other,100.9,505.6,60.03875834
9,2012,9,7_other,100.9,558.5,70.96338466
10,2012,9,7_other,100.9,823.1,98.6951284
1,2013,9,7_other,101.9,159,10.60127642
2,2013,9,7_other,101.9,189.1,14.07410835
3,2013,9,7_other,101.9,257.1,23.94426225
4,2013,9,7_other,101.9,309,27.96543607
5,2013,9,7_other,101.9,355.8,37.74419966
6,2013,9,7_other,101.9,413.4,46.60906011
7,2013,9,7_other,101.9,453.8,50.08189204
8,2013,9,7_other,101.9,512.3,62.78514568
9,2013,9,7_other,101.9,592.9,75.30561869
10,2013,9,7_other,101.9,818.6,101.7174194
1,2014,9,7_other,102.2,154.1,11.00882937
2,2014,9,7_other,102.2,201.8,13.62568226
3,2014,9,7_other,102.2,261.2,24.00285749
4,2014,9,7_other,102.2,296.8,30.86081677
5,2014,9,7_other,102.2,362.3,40.06492002
6,2014,9,7_other,102.2,409.4,42.23059137
7,2014,9,7_other,102.2,473.7,55.94650994
8,2014,9,7_other,102.2,523.3,62.08257877
9,2014,9,7_other,102.2,612.6,73.09140814
10,2014,9,7_other,102.2,867.6,98.80875545
1,2015,9,7_other,100,153.5,11.19959932
2,2015,9,7_other,100,202.7,13.52911598
3,2015,9,7_other,100,257.5,23.38476338
4,2015,9,7_other,100,297.4,29.7461358
5,2015,9,7_other,100,361.7,38.25783128
6,2015,9,7_other,100,407.6,41.2145255
7,2015,9,7_other,100,466.9,53.57888315
8,2015,9,7_other,100,514.6,59.67146518
9,2015,9,7_other,100,594.7,71.76703245
10,2015,9,7_other,100,869.6,99.72123236
1,2016,9,7_other,100.5,140.5,8.970598101
2,2016,9,7_other,100.5,205.4,14.24742051
3,2016,9,7_other,100.5,242.7,22.51444229
4,2016,9,7_other,100.5,292.2,24.80106534
5,2016,9,7_other,100.5,354.6,35.8823924
6,2016,9,7_other,100.5,420.5,40.01590329
7,2016,9,7_other,100.5,454.3,46.43603723
8,2016,9,7_other,100.5,493.8,58.48478174
9,2016,9,7_other,100.5,587.6,68.15895616
10,2016,9,7_other,100.5,813.5,102.0185666
1,2017,9,7_other,105.1,159.8,11.92292716
2,2017,9,7_other,105.1,208.3,16.84761446
3,2017,9,7_other,105.1,261.3,23.15467013
4,2017,9,7_other,105.1,327.7,30.49850208
5,2017,9,7_other,105.1,387.3,39.13830436
6,2017,9,7_other,105.1,420.4,42.93981737
7,2017,9,7_other,105.1,461.1,48.90128095
8,2017,9,7_other,105.1,524.3,58.1458694
9,2017,9,7_other,105.1,604.4,72.83353329
10,2017,9,7_other,105.1,810.9,92.10029239
1,2018,9,7_other,109.8,158,11.37954701
2,2018,9,7_other,109.8,202.4,16.81455454
3,2018,9,7_other,109.8,274.2,23.86307992
4,2018,9,7_other,109.8,315.6,29.46793144
5,2018,9,7_other,109.8,364.7,35.49739291
6,2018,9,7_other,109.8,423.3,46.36740796
7,2018,9,7_other,109.8,472.1,51.80241549
8,2018,9,7_other,109.8,531.8,57.91679896
9,2018,9,7_other,109.8,606,71.84400575
10,2018,9,7_other,109.8,886.3,107.5961646
1,2019,9,7_other,112,180.1,12.05885276
2,2019,9,7_other,112,222.5,19.21099992
3,2019,9,7_other,112,275.8,26.11365357
4,2019,9,7_other,112,329.9,29.85605616
5,2019,9,7_other,112,402.8,37.59035483
6,2019,9,7_other,112,448.4,46.15629851
7,2019,9,7_other,112,490.7,53.05895217
8,2019,9,7_other,112,569.6,63.28818589
9,2019,9,7_other,112,667.6,77.2598222
10,2019,9,7_other,112,877.1,103.7061338
1,2008,10,8,82.5,140.1,5.8
2,2008,10,8,82.5,180.5,7.1
3,2008,10,8,82.5,224.5,7.9
4,2008,10,8,82.5,278,9.1
5,2008,10,8,82.5,333.8,12.2
6,2008,10,8,82.5,385,13.1
7,2008,10,8,82.5,432.2,14.1
8,2008,10,8,82.5,501.9,14.9
9,2008,10,8,82.5,563.7,16.7
10,2008,10,8,82.5,824.3,18.7
1,2009,10,8,83.3,143.9,5.888963581
2,2009,10,8,83.3,187.7,6.674158725
3,2009,10,8,83.3,243.9,8.735295978
4,2009,10,8,83.3,284.4,9.127893551
5,2009,10,8,83.3,327.5,10.60013445
6,2009,10,8,83.3,361.4,12.17052473
7,2009,10,8,83.3,414.3,13.25016806
8,2009,10,8,83.3,473.1,14.62425956
9,2009,10,8,83.3,539.3,15.31130531
10,2009,10,8,83.3,785.2,17.96133892
1,2010,10,8,87.4,161.3,6.579969592
2,2010,10,8,87.4,189.4,7.354083661
3,2010,10,8,87.4,234.4,8.708783283
4,2010,10,8,87.4,293.5,10.25701142
5,2010,10,8,87.4,337.7,10.93436123
6,2010,10,8,87.4,380.9,12.96641067
7,2010,10,8,87.4,438.4,14.12758177
8,2010,10,8,87.4,483.6,16.1596312
9,2010,10,8,87.4,582.8,17.41756657
10,2010,10,8,87.4,831.5,21.48166543
1,2011,10,8,90.9,152.5,6.15874359
2,2011,10,8,90.9,189,7.390492308
3,2011,10,8,90.9,247,9.001240632
4,2011,10,8,90.9,299.2,10.80148876
5,2011,10,8,90.9,343.8,11.27523826
6,2011,10,8,90.9,389,13.07548639
7,2011,10,8,90.9,434,13.9282355
8,2011,10,8,90.9,492.2,16.20223314
9,2011,10,8,90.9,586.5,18.57098067
10,2011,10,8,90.9,789.2,19.42372978
1,2012,10,8,94.5,161.6,5.789118222
2,2012,10,8,94.5,187.1,7.656575713
3,2012,10,8,94.5,241.6,10.08427045
4,2012,10,8,94.5,299.2,10.36438908
5,2012,10,8,94.5,343.5,12.69871094
6,2012,10,8,94.5,383,12.60533806
7,2012,10,8,94.5,424.2,15.0330328
8,2012,10,8,94.5,505.6,16.62037167
9,2012,10,8,94.5,558.5,17.27398179
10,2012,10,8,94.5,823.1,20.5420324
1,2013,10,8,97.4,159,6.305931663
2,2013,10,8,97.4,189.1,7.585396058
3,2013,10,8,97.4,257.1,9.504592651
4,2013,10,8,97.4,309,11.05822799
5,2013,10,8,97.4,355.8,12.52047301
6,2013,10,8,97.4,413.4,14.34827929
7,2013,10,8,97.4,453.8,15.81052431
8,2013,10,8,97.4,512.3,16.63303714
9,2013,10,8,97.4,592.9,18.55223373
10,2013,10,8,97.4,818.6,19.83169813
1,2014,10,8,98.6,154.1,6.857959283
2,2014,10,8,98.6,201.8,8.031031265
3,2014,10,8,98.6,261.2,10.55764784
4,2014,10,8,98.6,296.8,12.00142874
5,2014,10,8,98.6,362.3,13.44520965
6,2014,10,8,98.6,409.4,14.07686379
7,2014,10,8,98.6,473.7,17.32537082
8,2014,10,8,98.6,523.3,17.41560713
9,2014,10,8,98.6,612.6,19.58127848
10,2014,10,8,98.6,867.6,20.30316893
1,2015,10,8,100,153.5,6.809356387
2,2015,10,8,100,202.7,8.242905101
3,2015,10,8,100,257.5,10.57242176
4,2015,10,8,100,297.4,11.64758329
5,2015,10,8,100,361.7,13.43951919
6,2015,10,8,100,407.6,14.33548713
7,2015,10,8,100,466.9,15.85863264
8,2015,10,8,100,514.6,17.29218135
9,2015,10,8,100,594.7,19.08411724
10,2015,10,8,100,869.6,21.5032307
1,2016,10,8,102.7,140.5,6.420133935
2,2016,10,8,102.7,205.4,8.44291586
3,2016,10,8,102.7,242.7,9.938015543
4,2016,10,8,102.7,292.2,11.69695635
5,2016,10,8,102.7,354.6,14.68715571
6,2016,10,8,102.7,420.5,15.03894387
7,2016,10,8,102.7,454.3,16.00636132
8,2016,10,8,102.7,493.8,18.11709028
9,2016,10,8,102.7,587.6,18.46887844
10,2016,10,8,102.7,813.5,21.81086597
1,2017,10,8,104.5,159.8,7.257433922
2,2017,10,8,104.5,208.3,9.244588448
3,2017,10,8,104.5,261.3,11.40453902
4,2017,10,8,104.5,327.7,13.39169355
5,2017,10,8,104.5,387.3,14.51486784
6,2017,10,8,104.5,420.4,15.55164412
7,2017,10,8,104.5,461.1,15.81083819
8,2017,10,8,104.5,524.3,18.22998283
9,2017,10,8,104.5,604.4,20.73552549
10,2017,10,8,104.5,810.9,22.37708793
1,2018,10,8,105.6,158,7.133447379
2,2018,10,8,105.6,202.4,9.341419187
3,2018,10,8,105.6,274.2,11.80415697
4,2018,10,8,105.6,315.6,12.56845491
5,2018,10,8,105.6,364.7,14.35181675
6,2018,10,8,105.6,423.3,15.45580265
7,2018,10,8,105.6,472.1,17.57885247
8,2018,10,8,105.6,531.8,19.02252634
9,2018,10,8,105.6,606,20.38127823
10,2018,10,8,105.6,886.3,24.28768989
1,2019,10,8,109.7,180.1,9.231259703
2,2019,10,8,109.7,222.5,10.47872723
3,2019,10,8,109.7,275.8,13.22315579
4,2019,10,8,109.7,329.9,15.05277483
5,2019,10,8,109.7,402.8,18.3793549
6,2019,10,8,109.7,448.4,18.62884841
7,2019,10,8,109.7,490.7,19.21099992
8,2019,10,8,109.7,569.6,22.37125099
9,2019,10,8,109.7,667.6,23.11973151
10,2019,10,8,109.7,877.1,27.86010811
1,2008,11,9,95.4,140.1,15.3
2,2008,11,9,95.4,180.5,23.9
3,2008,11,9,95.4,224.5,31.7
4,2008,11,9,95.4,278,39.3
5,2008,11,9,95.4,333.8,50.7
6,2008,11,9,95.4,385,69.3
7,2008,11,9,95.4,432.2,69
8,2008,11,9,95.4,501.9,75.8
9,2008,11,9,95.4,563.7,86.5
10,2008,11,9,95.4,824.3,139.3
1,2009,11,9,96.6,143.9,15.5076041
2,2009,11,9,96.6,187.7,25.02809522
3,2009,11,9,96.6,243.9,30.32816244
4,2009,11,9,96.6,284.4,37.9838151
5,2009,11,9,96.6,327.5,47.40615683
6,2009,11,9,96.6,361.4,51.92102891
7,2009,11,9,96.6,414.3,64.77859939
8,2009,11,9,96.6,473.1,72.04165447
9,2009,11,9,96.6,539.3,85.6844201
10,2009,11,9,96.6,785.2,137.0165527
1,2010,11,9,98.4,161.3,18.09491638
2,2010,11,9,98.4,189.4,24.57812171
3,2010,11,9,98.4,234.4,30.28721297
4,2010,11,9,98.4,293.5,38.60893922
5,2010,11,9,98.4,337.7,50.70447156
6,2010,11,9,98.4,380.9,53.02681377
7,2010,11,9,98.4,438.4,57.8650267
8,2010,11,9,98.4,483.6,70.73467311
9,2010,11,9,98.4,582.8,89.79723208
10,2010,11,9,98.4,831.5,128.309407
1,2011,11,9,98.5,152.5,17.05498225
2,2011,11,9,98.5,189,24.63497436
3,2011,11,9,98.5,247,36.47871203
4,2011,11,9,98.5,299.2,39.22645917
5,2011,11,9,98.5,343.8,55.71294201
6,2011,11,9,98.5,389,58.65018896
7,2011,11,9,98.5,434,66.51443077
8,2011,11,9,98.5,492.2,77.03166983
9,2011,11,9,98.5,586.5,94.18140198
10,2011,11,9,98.5,789.2,136.1556083
1,2012,11,9,98.7,161.6,15.68664293
2,2012,11,9,98.7,187.1,23.06310002
3,2012,11,9,98.7,241.6,32.58713322
4,2012,11,9,98.7,299.2,37.90938707
5,2012,11,9,98.7,343.5,49.48762351
6,2012,11,9,98.7,383,54.43638587
7,2012,11,9,98.7,424.2,59.94538546
8,2012,11,9,98.7,505.6,76.28563851
9,2012,11,9,98.7,558.5,89.45121382
10,2012,11,9,98.7,823.1,135.484041
1,2013,11,9,99.7,159,16.08469526
2,2013,11,9,99.7,189.1,19.92308844
3,2013,11,9,99.7,257.1,29.24490046
4,2013,11,9,99.7,309,37.10446746
5,2013,11,9,99.7,355.8,52.27525958
6,2013,11,9,99.7,413.4,54.28584649
7,2013,11,9,99.7,453.8,63.15070694
8,2013,11,9,99.7,512.3,77.3162056
9,2013,11,9,99.7,592.9,86.455237
10,2013,11,9,99.7,818.6,148.4178699
1,2014,11,9,100.6,154.1,16.24253514
2,2014,11,9,100.6,201.8,25.26616578
3,2014,11,9,100.6,261.2,33.38743335
4,2014,11,9,100.6,296.8,38.44066651
5,2014,11,9,100.6,362.3,47.64476975
6,2014,11,9,100.6,409.4,60.90950679
7,2014,11,9,100.6,473.7,73.27188076
8,2014,11,9,100.6,523.3,81.48338463
9,2014,11,9,100.6,612.6,98.44781023
10,2014,11,9,100.6,867.6,146.0023437
1,2015,11,9,100,153.5,16.12742302
2,2015,11,9,100,202.7,26.87903837
3,2015,11,9,100,257.5,31.98605566
4,2015,11,9,100,297.4,39.78097679
5,2015,11,9,100,361.7,48.47186586
6,2015,11,9,100,407.6,62.53856261
7,2015,11,9,100,466.9,71.76703245
8,2015,11,9,100,514.6,77.5012273
9,2015,11,9,100,594.7,97.92929647
10,2015,11,9,100,869.6,147.6555175
1,2016,11,9,100.4,140.5,14.07152643
2,2016,11,9,100.4,205.4,24.44927718
3,2016,11,9,100.4,242.7,30.78146407
4,2016,11,9,100.4,292.2,38.87259177
5,2016,11,9,100.4,354.6,49.8659718
6,2016,11,9,100.4,420.5,66.31206831
7,2016,11,9,100.4,454.3,69.91789696
8,2016,11,9,100.4,493.8,77.04160722
9,2016,11,9,100.4,587.6,91.28902773
10,2016,11,9,100.4,813.5,135.526389
1,2017,11,9,102.4,159.8,20.30353538
2,2017,11,9,102.4,208.3,27.12897918
3,2017,11,9,102.4,261.3,34.38641311
4,2017,11,9,102.4,327.7,48.7284849
5,2017,11,9,102.4,387.3,57.54108324
6,2017,11,9,102.4,420.4,60.13302392
7,2017,11,9,102.4,461.1,72.57433922
8,2017,11,9,102.4,524.3,87.00280904
9,2017,11,9,102.4,604.4,93.39626273
10,2017,11,9,102.4,810.9,133.7441394
1,2018,11,9,105.4,158,19.44713631
2,2018,11,9,105.4,202.4,25.90120775
3,2018,11,9,105.4,274.2,39.74349254
4,2018,11,9,105.4,315.6,41.10224442
5,2018,11,9,105.4,364.7,51.80241549
6,2018,11,9,105.4,423.3,68.02251608
7,2018,11,9,105.4,472.1,70.57017586
8,2018,11,9,105.4,531.8,79.91159505
9,2018,11,9,105.4,606,95.70708567
10,2018,11,9,105.4,886.3,145.0467634
1,2019,11,9,107.5,180.1,20.04264494
2,2019,11,9,107.5,222.5,27.4442856
3,2019,11,9,107.5,275.8,31.18668818
4,2019,11,9,107.5,329.9,38.08934184
5,2019,11,9,107.5,402.8,58.38148028
6,2019,11,9,107.5,448.4,61.29223785
7,2019,11,9,107.5,490.7,77.5093157
8,2019,11,9,107.5,569.6,84.07931135
9,2019,11,9,107.5,667.6,106.7000558
10,2019,11,9,107.5,877.1,136.9719345
1,2008,12,10,55.1,140.1,1.4
2,2008,12,10,55.1,180.5,0.5
3,2008,12,10,55.1,224.5,0.5
4,2008,12,10,55.1,278,0.8
5,2008,12,10,55.1,333.8,2.6
6,2008,12,10,55.1,385,2.4
7,2008,12,10,55.1,432.2,4.8
8,2008,12,10,55.1,501.9,7.3
9,2008,12,10,55.1,563.7,7.1
10,2008,12,10,55.1,824.3,34.6
1,2009,12,10,59.3,143.9,4.711170865
2,2009,12,10,59.3,187.7,1.570390288
3,2009,12,10,59.3,243.9,7.459353869
4,2009,12,10,59.3,284.4,6.18341176
5,2009,12,10,59.3,327.5,6.968606904
6,2009,12,10,59.3,361.4,1.374091502
7,2009,12,10,59.3,414.3,4.809320258
8,2009,12,10,59.3,473.1,4.318573293
9,2009,12,10,59.3,539.3,7.950100834
10,2009,12,10,59.3,785.2,23.16325675
1,2010,12,10,62.4,161.3,2.612634985
2,2010,12,10,62.4,189.4,1.548228139
3,2010,12,10,62.4,234.4,4.4511559
4,2010,12,10,62.4,293.5,5.515562746
5,2010,12,10,62.4,337.7,8.22496199
6,2010,12,10,62.4,380.9,3.773806089
7,2010,12,10,62.4,438.4,8.999076059
8,2010,12,10,62.4,483.6,7.547612179
9,2010,12,10,62.4,582.8,18.67550193
10,2010,12,10,62.4,831.5,35.80277572
1,2011,12,10,65.7,152.5,2.08449783
2,2011,12,10,65.7,189,2.08449783
3,2011,12,10,65.7,247,0.757999211
4,2011,12,10,65.7,299.2,5.116494675
5,2011,12,10,65.7,343.8,4.358495464
6,2011,12,10,65.7,389,2.937246943
7,2011,12,10,65.7,434,3.979495858
8,2011,12,10,65.7,492.2,7.485242209
9,2011,12,10,65.7,586.5,14.87573452
10,2011,12,10,65.7,789.2,23.21372584
1,2012,12,10,71.4,161.6,3.548169233
2,2012,12,10,71.4,187.1,1.213847369
3,2012,12,10,71.4,241.6,0.653610122
4,2012,12,10,71.4,299.2,2.614440488
5,2012,12,10,71.4,343.5,1.213847369
6,2012,12,10,71.4,383,3.548169233
7,2012,12,10,71.4,424.2,5.32225385
8,2012,12,10,71.4,505.6,8.40355871
9,2012,12,10,71.4,558.5,6.536101219
10,2012,12,10,71.4,823.1,29.87931986
1,2013,12,10,83.6,159,3.9297835
2,2013,12,10,83.6,189.1,1.553635337
3,2013,12,10,83.6,257.1,3.107270674
4,2013,12,10,83.6,309,15.26218243
5,2013,12,10,83.6,355.8,5.757589779
6,2013,12,10,83.6,413.4,1.370854709
7,2013,12,10,83.6,453.8,5.300638209
8,2013,12,10,83.6,512.3,12.33769238
9,2013,12,10,83.6,592.9,8.773470139
10,2013,12,10,83.6,818.6,23.03035912
1,2014,12,10,92.2,154.1,1.534017208
2,2014,12,10,92.2,201.8,0.180472613
3,2014,12,10,92.2,261.2,0.812126757
4,2014,12,10,92.2,296.8,1.443780902
5,2014,12,10,92.2,362.3,4.331342705
6,2014,12,10,92.2,409.4,3.789924867
7,2014,12,10,92.2,473.7,11.3697746
8,2014,12,10,92.2,523.3,6.136068832
9,2014,12,10,92.2,612.6,11.46001091
10,2014,12,10,92.2,867.6,47.10335191
1,2015,12,10,100,153.5,1.523145508
2,2015,12,10,100,202.7,0.447983973
3,2015,12,10,100,257.5,0.895967946
4,2015,12,10,100,297.4,0.627177562
5,2015,12,10,100,361.7,5.017420496
6,2015,12,10,100,407.6,4.12145255
7,2015,12,10,100,466.9,13.43951919
8,2015,12,10,100,514.6,5.913388442
9,2015,12,10,100,594.7,6.182178825
10,2015,12,10,100,869.6,42.8272678
1,2016,12,10,104.7,140.5,2.638411206
2,2016,12,10,104.7,205.4,2.198676005
3,2016,12,10,104.7,242.7,0.879470402
4,2016,12,10,104.7,292.2,1.143311523
5,2016,12,10,104.7,354.6,4.39735201
6,2016,12,10,104.7,420.5,1.758940804
7,2016,12,10,104.7,454.3,5.628610573
8,2016,12,10,104.7,493.8,8.179074739
9,2016,12,10,104.7,587.6,7.563445458
10,2016,12,10,104.7,813.5,27.3515295
1,2017,12,10,108.7,159.8,0
2,2017,12,10,108.7,208.3,1.123174297
3,2017,12,10,108.7,261.3,0.777582206
4,2017,12,10,108.7,327.7,3.974309053
5,2017,12,10,108.7,387.3,3.715114984
6,2017,12,10,108.7,420.4,1.123174297
7,2017,12,10,108.7,461.1,6.393453693
8,2017,12,10,108.7,524.3,3.542318938
9,2017,12,10,108.7,604.4,6.739045785
10,2017,12,10,108.7,810.9,21.34031165
1,2018,12,10,111.8,158,0
2,2018,12,10,111.8,202.4,0
3,2018,12,10,111.8,274.2,0.764297933
4,2018,12,10,111.8,315.6,3.821489667
5,2018,12,10,111.8,364.7,1.188907897
6,2018,12,10,111.8,423.3,2.547659778
7,2018,12,10,111.8,472.1,10.10571712
8,2018,12,10,111.8,531.8,11.37954701
9,2018,12,10,111.8,606,2.972269741
10,2018,12,10,111.8,886.3,35.15770494
1,2019,12,10,115.2,180.1,4.5740476
2,2019,12,10,115.2,222.5,8.399614684
3,2019,12,10,115.2,275.8,7.152147157
4,2019,12,10,115.2,329.9,11.55986575
5,2019,12,10,115.2,402.8,18.54568391
6,2019,12,10,115.2,448.4,23.03656701
7,2019,12,10,115.2,490.7,29.60656265
8,2019,12,10,115.2,569.6,36.01022929
9,2019,12,10,115.2,667.6,39.83579637
10,2019,12,10,115.2,877.1,57.13401275
1,2008,13,11,82.3,140.1,9
2,2008,13,11,82.3,180.5,12
3,2008,13,11,82.3,224.5,14.8
4,2008,13,11,82.3,278,23.8
5,2008,13,11,82.3,333.8,28.2
6,2008,13,11,82.3,385,34.1
7,2008,13,11,82.3,432.2,45.5
8,2008,13,11,82.3,501.9,53.2
9,2008,13,11,82.3,563.7,60.5
10,2008,13,11,82.3,824.3,96.3
1,2009,13,11,84.2,143.9,9.029744158
2,2009,13,11,84.2,187.7,12.26867413
3,2009,13,11,84.2,243.9,18.84468346
4,2009,13,11,84.2,284.4,21.59286646
5,2009,13,11,84.2,327.5,28.26702519
6,2009,13,11,84.2,361.4,35.23563209
7,2009,13,11,84.2,414.3,41.32089446
8,2009,13,11,84.2,473.1,46.71911108
9,2009,13,11,84.2,539.3,60.65632488
10,2009,13,11,84.2,785.2,102.7624145
1,2010,13,11,86.6,161.3,10.16024716
2,2010,13,11,86.6,189.4,11.99876808
3,2010,13,11,86.6,234.4,16.06286694
4,2010,13,11,86.6,293.5,22.54607228
5,2010,13,11,86.6,337.7,29.31957039
6,2010,13,11,86.6,380.9,34.64160462
7,2010,13,11,86.6,438.4,43.3503879
8,2010,13,11,86.6,483.6,52.34946396
9,2010,13,11,86.6,582.8,65.41263888
10,2010,13,11,86.6,831.5,93.9580952
1,2011,13,11,90.5,152.5,9.285490336
2,2011,13,11,90.5,189,13.7387357
3,2011,13,11,90.5,247,19.51847969
4,2011,13,11,90.5,299.2,22.45572663
5,2011,13,11,90.5,343.8,28.70922012
6,2011,13,11,90.5,389,39.98445838
7,2011,13,11,90.5,434,40.45820789
8,2011,13,11,90.5,492.2,49.08044892
9,2011,13,11,90.5,586.5,63.19818422
10,2011,13,11,90.5,789.2,89.44390691
1,2012,13,11,93.3,161.6,11.57823644
2,2012,13,11,93.3,187.1,13.63243969
3,2012,13,11,93.3,241.6,17.74084617
4,2012,13,11,93.3,299.2,24.09020164
5,2012,13,11,93.3,343.5,29.03896399
6,2012,13,11,93.3,383,33.52086197
7,2012,13,11,93.3,424.2,41.8310478
8,2012,13,11,93.3,505.6,48.55389477
9,2012,13,11,93.3,558.5,60.69236846
10,2012,13,11,93.3,823.1,97.57465391
1,2013,13,11,95.8,159,8.499299197
2,2013,13,11,95.8,189.1,11.42378924
3,2013,13,11,95.8,257.1,18.82640467
4,2013,13,11,95.8,309,23.67009131
5,2013,13,11,95.8,355.8,27.5084845
6,2013,13,11,95.8,413.4,36.92168684
7,2013,13,11,95.8,453.8,42.77066693
8,2013,13,11,95.8,512.3,48.80242765
9,2013,13,11,95.8,592.9,63.88182945
10,2013,13,11,95.8,818.6,86.63801762
1,2014,13,11,98.1,154.1,10.55764784
2,2014,13,11,98.1,201.8,15.79135361
3,2014,13,11,98.1,261.2,18.22773388
4,2014,13,11,98.1,296.8,23.64191226
5,2014,13,11,98.1,362.3,30.86081677
6,2014,13,11,98.1,409.4,34.19956011
7,2014,13,11,98.1,473.7,44.93768056
8,2014,13,11,98.1,523.3,54.41249273
9,2014,13,11,98.1,612.6,56.66840039
10,2014,13,11,98.1,867.6,93.93599491
1,2015,13,11,100,153.5,10.03484099
2,2015,13,11,100,202.7,15.67943905
3,2015,13,11,100,257.5,18.54653648
4,2015,13,11,100,297.4,23.65355377
5,2015,13,11,100,361.7,31.98605566
6,2015,13,11,100,407.6,35.83871783
7,2015,13,11,100,466.9,44.35041331
8,2015,13,11,100,514.6,52.23493123
9,2015,13,11,100,594.7,55.63960943
10,2015,13,11,100,869.6,93.00147276
1,2016,13,11,102.4,140.5,8.354968819
2,2016,13,11,102.4,205.4,13.71973827
3,2016,13,11,102.4,242.7,19.2604018
4,2016,13,11,102.4,292.2,25.50464166
5,2016,13,11,102.4,354.6,31.48504039
6,2016,13,11,102.4,420.5,40.80742665
7,2016,13,11,102.4,454.3,46.61193131
8,2016,13,11,102.4,493.8,52.24054188
9,2016,13,11,102.4,587.6,64.64107455
10,2016,13,11,102.4,813.5,94.36717414
1,2017,13,11,105.6,159.8,12.78690739
2,2017,13,11,105.6,208.3,15.37884807
3,2017,13,11,105.6,261.3,21.94509781
4,2017,13,11,105.6,327.7,28.16575546
5,2017,13,11,105.6,387.3,34.81840322
6,2017,13,11,105.6,420.4,42.07583714
7,2017,13,11,105.6,461.1,47.34611654
8,2017,13,11,105.6,524.3,55.55392871
9,2017,13,11,105.6,604.4,72.40154317
10,2017,13,11,105.6,810.9,102.036065
1,2018,13,11,108.4,158,11.29462502
2,2018,13,11,108.4,202.4,15.37088066
3,2018,13,11,108.4,274.2,21.48526413
4,2018,13,11,108.4,315.6,25.90120775
5,2018,13,11,108.4,364.7,34.13864103
6,2018,13,11,108.4,423.3,41.18716642
7,2018,13,11,108.4,472.1,42.88560627
8,2018,13,11,108.4,531.8,56.47312509
9,2018,13,11,108.4,606,73.5424456
10,2018,13,11,108.4,886.3,105.1334269
1,2019,13,11,111.3,180.1,12.22518177
2,2019,13,11,111.3,222.5,16.13391335
3,2019,13,11,111.3,275.8,22.6207445
4,2019,13,11,111.3,329.9,25.53150206
5,2019,13,11,111.3,402.8,36.84187431
6,2019,13,11,111.3,448.4,39.91896088
7,2019,13,11,111.3,490.7,47.40376604
8,2019,13,11,111.3,569.6,57.13401275
9,2019,13,11,111.3,667.6,71.10564906
10,2019,13,11,111.3,877.1,98.63309917
1,2008,14,12,90,140.1,10.4
2,2008,14,12,90,180.5,15.4
3,2008,14,12,90,224.5,19.1
4,2008,14,12,90,278,21.3
5,2008,14,12,90,333.8,28.1
6,2008,14,12,90,385,33.9
7,2008,14,12,90,432.2,38
8,2008,14,12,90,501.9,53.5
9,2008,14,12,90,563.7,57.1
10,2008,14,12,90,824.3,79.6
1,2009,14,12,92,143.9,9.520491123
2,2009,14,12,92,187.7,15.5076041
3,2009,14,12,92,243.9,19.13913164
4,2009,14,12,92,284.4,22.96695797
5,2009,14,12,92,327.5,28.95407094
6,2009,14,12,92,361.4,32.2911503
7,2009,14,12,92,414.3,35.92267784
8,2009,14,12,92,473.1,43.77462929
9,2009,14,12,92,539.3,55.94515402
10,2009,14,12,92,785.2,79.89360592
1,2010,14,12,94.1,161.3,11.80523956
2,2010,14,12,94.1,189.4,13.64376048
3,2010,14,12,94.1,234.4,18.96579471
4,2010,14,12,94.1,293.5,22.7396008
5,2010,14,12,94.1,337.7,28.06163502
6,2010,14,12,94.1,380.9,37.15747534
7,2010,14,12,94.1,438.4,35.99630424
8,2010,14,12,94.1,483.6,46.73713695
9,2010,14,12,94.1,582.8,52.44622822
10,2010,14,12,94.1,831.5,79.92727769
1,2011,14,12,96.5,152.5,16.39173294
2,2011,14,12,96.5,189,18.66573057
3,2011,14,12,96.5,247,21.41347771
4,2011,14,12,96.5,299.2,26.52997239
5,2011,14,12,96.5,343.8,28.80397002
6,2011,14,12,96.5,389,34.58371401
7,2011,14,12,96.5,434,37.23671124
8,2011,14,12,96.5,492.2,43.67970454
9,2011,14,12,96.5,586.5,58.27118935
10,2011,14,12,96.5,789.2,80.25316647
1,2012,14,12,98.7,161.6,11.76498219
2,2012,14,12,98.7,187.1,14.56616843
3,2012,14,12,98.7,241.6,18.76794779
4,2012,14,12,98.7,299.2,23.81008301
5,2012,14,12,98.7,343.5,29.03896399
6,2012,14,12,98.7,383,34.82808221
7,2012,14,12,98.7,424.2,39.68347169
8,2012,14,12,98.7,505.6,49.86111501
9,2012,14,12,98.7,558.5,53.31591137
10,2012,14,12,98.7,823.1,83.00848548
1,2013,14,12,99.7,159,10.32710548
2,2013,14,12,99.7,189.1,14.16549866
3,2013,14,12,99.7,257.1,20.92838189
4,2013,14,12,99.7,309,24.03565257
5,2013,14,12,99.7,355.8,29.24490046
6,2013,14,12,99.7,413.4,34.54553867
7,2013,14,12,99.7,453.8,42.13093473
8,2013,14,12,99.7,512.3,45.14681509
9,2013,14,12,99.7,592.9,58.12423967
10,2013,14,12,99.7,818.6,79.05262157
1,2014,14,12,99.7,154.1,11.3697746
2,2014,14,12,99.7,201.8,14.97922685
3,2014,14,12,99.7,261.2,20.21293262
4,2014,14,12,99.7,296.8,24.00285749
5,2014,14,12,99.7,362.3,30.86081677
6,2014,14,12,99.7,409.4,33.74837857
7,2014,14,12,99.7,473.7,41.59893723
8,2014,14,12,99.7,523.3,50.17138633
9,2014,14,12,99.7,612.6,56.66840039
10,2014,14,12,99.7,867.6,77.15204193
1,2015,14,12,100,153.5,10.12443779
2,2015,14,12,100,202.7,17.29218135
3,2015,14,12,100,257.5,20.33847237
4,2015,14,12,100,297.4,24.01194095
5,2015,14,12,100,361.7,29.83573259
6,2015,14,12,100,407.6,34.76355629
7,2015,14,12,100,466.9,40.40815435
8,2015,14,12,100,514.6,48.91984984
9,2015,14,12,100,594.7,55.37081904
10,2015,14,12,100,869.6,81.17469588
1,2016,14,12,101.1,140.5,9.234439221
2,2016,14,12,101.1,205.4,14.86304979
3,2016,14,12,101.1,242.7,19.43629589
4,2016,14,12,101.1,292.2,23.56980677
5,2016,14,12,101.1,354.6,32.98014008
6,2016,14,12,101.1,420.5,37.72928025
7,2016,14,12,101.1,454.3,37.20159801
8,2016,14,12,101.1,493.8,43.5337849
9,2016,14,12,101.1,587.6,53.8235886
10,2016,14,12,101.1,813.5,76.51392498
1,2017,14,12,102.5,159.8,12.95970343
2,2017,14,12,102.5,208.3,16.2428283
3,2017,14,12,102.5,261.3,20.82192351
4,2017,14,12,102.5,327.7,23.50026222
5,2017,14,12,102.5,387.3,33.34963683
6,2017,14,12,102.5,420.4,34.12721904
7,2017,14,12,102.5,461.1,37.66953798
8,2017,14,12,102.5,524.3,46.13654422
9,2017,14,12,102.5,604.4,59.87382986
10,2017,14,12,102.5,810.9,76.03026014
1,2018,14,12,102.4,158,11.37954701
2,2018,14,12,102.4,202.4,16.64471055
3,2018,14,12,102.4,274.2,22.928938
4,2018,14,12,102.4,315.6,31.33621527
5,2018,14,12,102.4,364.7,31.25129328
6,2018,14,12,102.4,423.3,34.81801697
7,2018,14,12,102.4,472.1,40.59271247
8,2018,14,12,102.4,531.8,47.72615985
9,2018,14,12,102.4,606,58.93586287
10,2018,14,12,102.4,886.3,76.17502737
1,2019,14,12,103.7,180.1,13.97163631
2,2019,14,12,103.7,222.5,17.29821638
3,2019,14,12,103.7,275.8,25.03251505
4,2019,14,12,103.7,329.9,28.60858863
5,2019,14,12,103.7,402.8,34.59643276
6,2019,14,12,103.7,448.4,37.42402582
7,2019,14,12,103.7,490.7,37.50719032
8,2019,14,12,103.7,569.6,45.98996951
9,2019,14,12,103.7,667.6,58.13198678
10,2019,14,12,103.7,877.1,81.50121179
